{"intents":[
    {
        "tag":"greeting",
                                              
        "input":[
               "Hello",
              "Hello there!",
              "Hi!",
              "Hey, how are you?",
              "Good day!",
              "Good morning!",
              "Good afternoon!",
              "Good evening!",
              "Howdy!",
              "Greetings!",
              "Salutations!",
              "What's up?",
              "Yo!",
              "Good to see you!",
              "Welcome back!",
              "Hiya!",
              "Hey there, how's it going?",
              "Nice to meet you!"

        ],
        "responses":[
            "Hello! How can I help you today?",
            "Hi there! What can I assist you with?",
            "Hey, how can I assist you?",
            "Good [morning/afternoon/evening]! How may I assist you?",
            "Greetings! What can I help you with today?",
            "Hello! How may I assist you today?",
            "Hi there! How can I help you?",
            "Hey! What can I do for you?",
            "Good day! What can I help you with?",
            "hey! How may I assist you today?",
            "hey! What can I help you find?",
            "Hi! What do you need help with?",
            "Greetings! How can I assist you today?",
            "Salutations! What can I help you with?",
            "Hi there, welcome back! How may I assist you?",
            "It's great to hear from you! What can I do for you?",
            "What can I help you with today?",
            "How can I assist you with your request?",
            "What can I assist you with today?",
            "What can I do to help you?",
            "How can I support you today?",
            "What do you need assistance with?",
            "What can I help you find today?"
          ]
        
    },
    { 
        "tag":"sales_month",
                                              
        "input":[
             "What was the total income from sales for this month?",
            "Could you provide me with the total sales income for the current month?",
            "Can you give me an update on the sales income for this month so far?",
            "What is the sales income total for this month up to this point?",
            "May I know how much sales income has been generated this month?",
            "Can you provide me with the sales income figure for the current month to date?",
            "I'm curious about the total sales income for this month. Can you share that with me?",
            "Could you please tell me how much income from sales has been made this month?",
            "Can you give me an idea of the total sales income for this month?",
            "What is the current amount of sales income for this month that has been recorded?"
        ],
        "responses":[
              "month_sales"
            ]
        
    },
     { 
        "tag":"sales_year",
                                              
        "input":[
              "What was the total sales income for this year so far?",
              "Could you provide me with the total sales income for the current year?",
              "Can you give me an update on the sales income for this year up to this point?",
              "What is the sales income total for this year up to now?",
              "May I know how much sales income has been generated this year?",
              "Can you provide me with the sales income figure for the current year to date?",
              "I'm curious about the total sales income for this year. Can you share that with me?",
             "Could you please tell me how much income from sales has been made this year?",
              "Can you give me an idea of the total sales income for this year?",
              "What is the current amount of sales income for this year that has been recorded?"
        ],
        "responses":[
              "year_sales"
            ]
        
    },
     { 
        "tag":"sales_total",
                                              
        "input":[
            "What is the overall total sales income?",
            "Could you provide me with the complete sales income figure?",
           "What is the total amount of sales income generated so far?",
            "May I know the entire sales income recorded?",
            "Can you give me an update on the total sales income?",
            "I would like to know the full sales income amount. Can you tell me that?",
            "Could you please provide me with the total sales income figure?",
            "What is the cumulative total sales income?",
            "Can you give me an idea of the overall sales income?",
            "I'm interested in knowing the total sales income. Can you provide that information?"
        ],
        "responses":[
              "sales_total"
            ]
        
    },
     { 
        "tag":"stock_month",
                                              
        "input":[
              "What is the total stock for this month?",
              "Could you provide me with the current month's total stock?",
              "Can you give me an update on the total stock for this month?",
              "How much stock is available for this month?",
              "May I know the amount of stock for this month?",
              "Can you provide me with the total stock figure for the current month?",
             "I'm interested in knowing the total stock for this month. Can you share that with me?",
              "Could you please tell me how much stock is available for this month?",
              "Can you give me an idea of the overall stock for this month?",
              "What is the current total stock available for this month?"
        ],
        "responses":[
              "stock_month"
            ]
        
    },
        { 
        "tag":"stock_year",
                                              
        "input":[
              "What is the total stock for this year so far?",
              "Could you provide me with the current year's total stock?",
              "Can you give me an update on the total stock for this year up to this point?",
              "How much stock is available for this year?",
              "May I know the amount of stock for this year?",
              "Can you provide me with the total stock figure for the current year?",
              "I'm interested in knowing the total stock for this year. Can you share that with me?",
              "Could you please tell me how much stock is available for this year?",
              "Can you give me an idea of the overall stock for this year?",
              "What is the current total stock available for this year that has been recorded?"
        ],
        "responses":[
              "stock_year"
            ]
        
    },
      { 
        "tag":"sales_forecast",
                                              
        "input":[
              "What are the sales forecasting values for the upcoming month?",
              "Can you provide me with the sales predictions for next month?",
              "What is the estimated sales figure for the next month?",
              "May I know the forecasted sales values for the upcoming month?",
              "Can you give me an idea of the expected sales for the next month?",
              "I'm curious about the sales forecasting values for the next month. Can you share that with me?",
              "Could you please tell me what the predicted sales figures are for the next month?",
              "Can you give me an update on the sales forecasting values for the next month?",
              "What is the expected sales performance for the upcoming month?",
              "Can you provide me with the sales forecast for the next month?"
        ],
        "responses":[
              "sales_forecast"
            ]
        
    },
     { 
        "tag":"stock_forecast",
                                              
        "input":[
                "What are the stock forecasting values for the upcoming month?",
                "Can you provide me with the inventory predictions for next month?",
                "What is the estimated stock figure for the next month?",
                "May I know the forecasted stock values for the upcoming month?",
                "Can you give me an idea of the expected stock levels for the next month?",
                "I'm curious about the stock forecasting values for the next month. Can you share that with me?",
                "Could you please tell me what the predicted stock figures are for the next month?",
                "Can you give me an update on the stock forecasting values for the next month?",
                "What is the expected stock performance for the upcoming month?",
                "Can you provide me with the stock forecast for the next month?"
        ],
        "responses":[
              "stock_forecast"
            ]
        
    },


     { 
        "tag":"goodbye",
                                              
        "input":[
              "Thanks, that's all for now",
              "That's all I needed, thanks",
              "Thank you for your help",
              "Goodbye",
              "Bye",
              "See you later",
              "Take care",
              "Thanks for your assistance"
        ],
        "responses":[
              "Thank you for visiting us. Have a great day!",
              "Thank you for considering our products. Have a great day!",
              "It was a pleasure assisting you. Have a great day!",
              "Thank you for your visit. Come back soon!",
              "Goodbye! Don't hesitate to reach out if you have any further questions or concerns."
            ]
        
    }
    

  ]
 }
